Workbook
Name Slicer_Year: #N/A

Sheet data table
A1: Country Name | B1: Country Code | C1: Year | D1: Population | J1: population range | K1: number of countries
A2: Afghanistan | B2: AFG | C2: 1960 | D2: 9035043 | J2: Under 5 Million | K2: =COUNTIFS(C:C,$K$1,D:D,"<5000000") -> 0
A3: Afghanistan | B3: AFG | C3: 1961 | D3: 9214083 | G3: population trend | J3: 5M to 20M
A4: Afghanistan | B4: AFG | C4: 1962 | D4: 9404406 | J4: 5M to 20M | K4: =COUNTIFS(C:C,$K$1,D:D,">=5000000",D:D,"<20000000") -> 0
A5: Afghanistan | B5: AFG | C5: 1963 | D5: 9604487 | G5: most populated country | J5: 20M to 50M | K5: =COUNTIFS(C:C,$K$1,D:D,">=20000000",D:D,"<50000000") -> 0
A6: Afghanistan | B6: AFG | C6: 1964 | D6: 9814318 | J6: 50M to 100M | K6: =COUNTIFS(C:C,$K$1,D:D,">=50000000",D:D,"<100000000") -> 0
A7: Afghanistan | B7: AFG | C7: 1965 | D7: 10036008 | G7: least populated country | J7: 100M to 200M | K7: =COUNTIFS(C:C,$K$1,D:D,">=100000000",D:D,"<200000000") -> 0
A8: Afghanistan | B8: AFG | C8: 1966 | D8: 10266395 | J8: 200M to 500M | K8: =COUNTIFS(C:C,$K$1,D:D,">=200000000",D:D,"<500000000") -> 0
A9: Afghanistan | B9: AFG | C9: 1967 | D9: 10505959 | G9: population range | J9: 500M to 1 Billion | K9: =COUNTIFS(C:C,$K$1,D:D,">=500000000",D:D,"<1000000000") -> 0
A10: Afghanistan | B10: AFG | C10: 1968 | D10: 10756922 | J10: Above 1 Billion | K10: =COUNTIFS(C:C,$K$1,D:D,">=1000000000") -> 0
A11: Afghanistan | B11: AFG | C11: 1969 | D11: 11017409 | G11: fastest growing country
A12: Afghanistan | B12: AFG | C12: 1970 | D12: 11290128
A13: Afghanistan | B13: AFG | C13: 1971 | D13: 11567667
A14: Afghanistan | B14: AFG | C14: 1972 | D14: 11853696
A15: Afghanistan | B15: AFG | C15: 1973 | D15: 12157999
A16: Afghanistan | B16: AFG | C16: 1974 | D16: 12469127
A17: Afghanistan | B17: AFG | C17: 1975 | D17: 12773954
A18: Afghanistan | B18: AFG | C18: 1976 | D18: 13059851
A19: Afghanistan | B19: AFG | C19: 1977 | D19: 13340756
A20: Afghanistan | B20: AFG | C20: 1978 | D20: 13611441
A21: Afghanistan | B21: AFG | C21: 1979 | D21: 13655567
A22: Afghanistan | B22: AFG | C22: 1980 | D22: 13169311
A23: Afghanistan | B23: AFG | C23: 1981 | D23: 11937581
... A14076: Zimbabwe | B14076: ZWE | C14076: 2024 | D14076: 16634373

Sheet Most populated
A1: Year | B1: 1960 | F1: ="Top 10 Most Populated Countries - "&B1 -> Top 10 Most Populated Countries - 1960
A3: Row Labels | B3: Sum of Population
A4: China | B4: 667070000
A5: India | B5: 435990338
A6: United States | B6: 180671000
A7: Russian Federation | B7: 119897000
A8: Japan | B8: 93216000
A9: Indonesia | B9: 88296070
A10: Germany | B10: 72814900
A11: Brazil | B11: 72388126
A12: United Kingdom | B12: 52400000
A13: Bangladesh | B13: 51828660
A14: Grand Total | B14: 1834572094

Sheet least populated
A1: Year | B1: 1960
E2: ="Top 10 Least populated Countries - "&B1 -> Top 10 Least populated Countries - 1960
A3: Row Labels | B3: Sum of Population
A4: Sint Maarten (Dutch part) | B4: 2715
A5: St. Martin (French part) | B5: 4250
A6: Nauru | B6: 4607
A7: Tuvalu | B7: 5598
A8: Turks and Caicos Islands | B8: 5599
A9: British Virgin Islands | B9: 7950
A10: Cayman Islands | B10: 8428
A11: Northern Mariana Islands | B11: 8736
A12: Palau | B12: 9328
A13: Andorra | B13: 9510
A14: Grand Total | B14: 66721

Sheet population range
I1: Select year | J1: population range | K1: 1971 | M1: year | O1: ="Population Distribution - "&'dash board'!G4 -> Population Distribution - 1973
J2: Under 5 Million | K2: =COUNTIFS('data table'!C:C,'dash board'!$G$4,'data table'!D:D,"<5000000") -> 133 | M2: 1960
J3: 5M to 20M | K3: =COUNTIFS('data table'!C:C,'dash board'!$G$4,'data table'!D:D,">=5000000",'data table'!D:D,"<20000000") -> 50 | M3: 1961
J4: 20M to 50M | K4: =COUNTIFS('data table'!C:C,'dash board'!$G$4,'data table'!D:D,">=20000000",'data table'!D:D,"<50000000") -> 18 | M4: 1962
J5: 50M to 100M | K5: =COUNTIFS('data table'!C:C,'dash board'!$G$4,'data table'!D:D,">=50000000",'data table'!D:D,"<100000000") -> 8 | M5: 1963
J6: 100M to 200M | K6: =COUNTIFS('data table'!C:C,'dash board'!$G$4,'data table'!D:D,">=100000000",'data table'!D:D,"<200000000") -> 4 | M6: 1964
J7: 200M to 500M | K7: =COUNTIFS('data table'!C:C,'dash board'!$G$4,'data table'!D:D,">=200000000",'data table'!D:D,"<500000000") -> 1 | M7: 1965
J8: 500M to 1 Billion | K8: =COUNTIFS('data table'!C:C,'dash board'!$G$4,'data table'!D:D,">=500000000",'data table'!D:D,"<1000000000") -> 2 | M8: 1966
J9: Above 1 Billion | K9: =COUNTIFS('data table'!C:C,'dash board'!$G$4,'data table'!D:D,">=1000000000") -> 0 | M9: 1967
M10: 1968
M11: 1969
M12: 1970
M13: 1971
M14: 1972
M15: 1973
M16: 1974
M17: 1975
M18: 1976
M19: 1977
M20: 1978
M21: 1979
... M66: 2024

Sheet Growth rate
A1: Country Name | B1: growth(times) | C1: Population 1960 | D1: Population 2024 | N1: Country Name | O1: growth(times) | P1: Population 1960 | Q1: Population 2024
A2: West Bank and Gaza | B2: =IFERROR(D2/C2,"No Data") -> No Data | D2: 5289152 | N2: Bulgaria | O2: =IFERROR(Q2/P2,"No Data") -> 0.81912542 | P2: 7867374 | Q2: 6444366
A3: United Arab Emirates | B3: =IFERROR(D3/C3,"No Data") -> 82.819232 | C3: 131334 | D3: 10876981 | N3: St. Kitts and Nevis | O3: =IFERROR(Q3/P3,"No Data") -> 0.83932987 | P3: 55810 | Q3: 46843
A4: Qatar | B4: =IFERROR(D4/C4,"No Data") -> 79.361899 | C4: 36010 | D4: 2857822 | N4: Latvia | O4: =IFERROR(Q4/P4,"No Data") -> 0.8781044 | P4: 2120979 | Q4: 1862441
A5: Kuwait | B5: =IFERROR(D5/C5,"No Data") -> 15.990037 | C5: 311060 | D5: 4973861 | N5: Ukraine | O5: =IFERROR(Q5/P5,"No Data") -> 0.88408693 | P5: 42824093 | Q5: 37860221
A6: Sint Maarten (Dutch part) | B6: =IFERROR(D6/C6,"No Data") -> 15.966851 | C6: 2715 | D6: 43350 | N6: Croatia | O6: =IFERROR(Q6/P6,"No Data") -> 0.93384806 | P6: 4140181 | Q6: 3866300
A7: Saudi Arabia | B7: =IFERROR(D7/C7,"No Data") -> 14.494636 | C7: 2435403 | D7: 35300280 | N7: Hungary | O7: =IFERROR(Q7/P7,"No Data") -> 0.95781064 | P7: 9983512 | Q7: 9562314
A8: Djibouti | B8: =IFERROR(D8/C8,"No Data") -> 13.585999 | C8: 86024 | D8: 1168722 | N8: Bosnia and Herzegovina | O8: =IFERROR(Q8/P8,"No Data") -> 0.96430527 | P8: 3281381 | Q8: 3164253
A9: Jordan | B9: =IFERROR(D9/C9,"No Data") -> 13.536343 | C9: 853471 | D9: 11552876 | N9: Serbia | O9: =IFERROR(Q9/P9,"No Data") -> 0.99219912 | P9: 6638992 | Q9: 6587202
A10: Oman | B10: =IFERROR(D10/C10,"No Data") -> 9.9560553 | C10: 530485 | D10: 5281538 | N10: Georgia | O10: =IFERROR(Q10/P10,"No Data") -> 1.0077491 | P10: 3645600 | Q10: 3673850
A11: Bahrain | B11: =IFERROR(D11/C11,"No Data") -> 9.6005487 | C11: 165477 | D11: 1588670 | N11: Romania | O11: =IFERROR(Q11/P11,"No Data") -> 1.0359884 | P11: 18406905 | Q11: 19069340
A12: Cayman Islands | B12: =IFERROR(D12/C12,"No Data") -> 8.8344803 | C12: 8428 | D12: 74457 | N12: Lithuania | O12: =IFERROR(Q12/P12,"No Data") -> 1.0394108 | P12: 2778550 | Q12: 2888055
A13: Cote d'Ivoire | B13: =IFERROR(D13/C13,"No Data") -> 8.6927418 | C13: 3673666 | D13: 31934230 | N13: Belarus | O13: =IFERROR(Q13/P13,"No Data") -> 1.1141391 | P13: 8198000 | Q13: 9133712
A14: Andorra | B14: =IFERROR(D14/C14,"No Data") -> 8.6159832 | C14: 9510 | D14: 81938 | N14: Dominica | O14: =IFERROR(Q14/P14,"No Data") -> 1.1150879 | P14: 59372 | Q14: 66205
... A217: St. Kitts and Nevis | B217: =IFERROR(D217/C217,"No Data") -> 0.83932987 | C217: 55810 | D217: 46843 | N217: United Arab Emirates | O217: =IFERROR(Q217/P217,"No Data") -> 82.819232 | P217: 131334 | Q217: 10876981
A218: Bulgaria | B218: =IFERROR(D218/C218,"No Data") -> 0.81912542 | C218: 7867374 | D218: 6444366 | N218: West Bank and Gaza | O218: =IFERROR(Q218/P218,"No Data") -> No Data | Q218: 5289152

Sheet dash board
A1: PRODIGY INFOTECH - Data Science Task 01
A2: World Bank Population Analysis
D4: Total Population | F4: Select year: | G4: 1973
D6: =SUMIF('data table'!C:C,2024,'data table'!D:D) -> 8118643547
D32: Most Populated | F32: Least Populated | H32: Fastest Growing | J32: Slowest Growing | L32: Population Range
D34: =INDEX('data table'!A:A,MATCH(MAX('data table'!D:D),'data table'!D:D,0)) -> India | F34: =INDEX('data table'!A:A,MATCH(MIN('data table'!D:D),'data table'!D:D,0)) -> Sint Maarten (Dutch part) | H34: =INDEX('Growth rate'!A:A,MATCH(MAX('Growth rate'!B:B),'Growth rate'!B:B,0)) -> United Arab Emirates | J34: =INDEX('Growth rate'!N:N,MATCH(MIN('Growth rate'!O:O),'Growth rate'!O:O,0)) -> Bulgaria | L34: =MAX('data table'!D:D)-MIN('data table'!D:D) -> 1450933076
